id,questions
0,What is the step by step guide to invest in share market in india?
1,What is the story of Kohinoor (Koh-i-Noor) Diamond?
2,How can I increase the speed of my internet connection while using a VPN?
3,Why am I mentally very lonely? How can I solve it?
4,"Which one dissolve in water quikly sugar, salt, methane and carbon di oxide?"
5,Astrology: I am a Capricorn Sun Cap moon and cap rising...what does that say about me?
6,Should I buy tiago?
7,How can I be a good geologist?
8,When do you use シ instead of し?
9,Motorola (company): Can I hack my Charter Motorolla DCX3400?
10,Method to find separation of slits using fresnel biprism?
11,How do I read and find my YouTube comments?
12,What can make Physics easy to learn?
13,What was your first sexual experience like?
14,"What are the laws to change your status from a student visa to a green card in the US, how do they compare to the immigration laws in Canada?"
15,What would a Trump presidency mean for current international master’s students on an F1 visa?
16,What does manipulation mean?
17,Why do girls want to be friends with the guy they reject?
18,Why are so many Quora users posting questions that are readily answered on Google?
19,Which is the best digital marketing institution in banglore?
20,Why do rockets look white?
21,What's causing someone to be jealous?
22,What are the questions should not ask on Quora?
23,How much is 30 kV in HP?
24,What does it mean that every time I look at the clock the numbers are the same?
25,What are some tips on making it through the job interview process at Medicines?
26,What is web application?
27,Does society place too much importance on sports?
28,What is best way to make money online?
29,How should I prepare for CA final law?
30,What's one thing you would like to do better?
31,What are some special cares for someone with a nose that gets stuffy during the night?
32,What Game of Thrones villain would be the most likely to give you mercy?
33,"Does the United States government still blacklist (employment, etc.) some United States citizens because their political views?"
34,What is the best travel website in spain?
35,Why do some people think Obama will try to take their guns away?
36,I'm a 19-year-old. How can I improve my skills or what should I do to become an entrepreneur in the next few years?
37,"When a girlfriend asks her boyfriend ""Why did you choose me? What makes you want to be with me?"", what should one reply to her?"
38,How do we prepare for UPSC?
39,What is the stall speed and AOA of an f-14 with wings fully swept back?
40,Why do Slavs squat?
41,When can I expect my Cognizant confirmation mail?
42,"Can I make 50,000 a month by day trading?"
43,Is being a good kid and not being a rebel worth it in the long run?
44,What universities does Rexnord recruit new grads from? What majors are they looking for?
45,What is the quickest way to increase Instagram followers?
46,How did Darth Vader fought Darth Maul in Star Wars Legends?
47,"What are the stages of breaking up between couple? I mean, what happens after the breaking up emotionally whether its a male or female?"
48,What are some examples of products that can be make from crude oil?
49,How do I make friends.
50,Is Career Launcher good for RBI Grade B preparation?
51,"Will a Blu Ray play on a regular DVD player? If so, how?"
52,Nd she is always sad?
53,What is the best/most memorable thing you've ever eaten and why?
54,How GST affects the CAs and tax officers?
55,How difficult is it get into RSI?
56,Who is israil friend?
57,What are some good rap songs to dance to?
58,I was suddenly logged off Gmail. I can't remember my Gmail password and just realized the recovery email is no longer alive. What can I do?
59,What are the best ways to learn French?
60,How do I download content from a kickass torrent without registration?
61,Is it normal to have a dark ring around the iris of my eye?
62,How is the new Harry Potter book 'Harry Potter and the Cursed Child'?
63,Why do I always get depressed?
64,Where can I find a European family office database?
65,What is Java programming? How To Learn Java Programming Language ?
66,What is the best book ever made?
67,Can we ever store energy produced in lightning?
68,What is your review of Performance Testing?
69,At what cost does so much privacy as in Germany come? What else is lost to gain so much privacy?
70,What are the types of immunity?
71,What is a narcissistic personality disorder?
72,How I can speak English fluently?
73,How helpful is QuickBooks' auto data recovery support phone number to recover your corrupted data files?
74,Who is the richest gambler of all time and how can I reach his level?
75,If I fire a bullet backward from an aircraft going faster than the bullet
76,How do I prevent breast cancer?
77,How do I log out of my Gmail account on my friend's phone?
78,How can I make money through the Internet?
79,What is purpose of life?
80,When will the BJP government strip all the Muslims and the Christians of the Indian citizenship and put them on boats like the Rohingya's of Burma?
81,What is the right etiquette for wishing a Jehovah Witness happy birthday?
82,"If someone wants to open a commercial FM radio station in any city of India, how much does it cost and what is the procedure?"
83,Why do Swiss despise Asians?
84,What are some of the high salary income jobs in the field of biotechnology?
85,How can I increase my height after 21 also?
86,"What were the major effects of the cambodia earthquake, and how do these effects compare to the Kamchatca earthquakes in 1952?"
87,What is the difference between sincerity and fairness?
88,Which is the best gaming laptop under 60k INR?
89,What is your review of The Next Warrior: Proving Grounds - Part 9?
90,What is the best reference book for physics class 11th?
91,"National Institute of Technology, Kurukshetra: How is the social life at NITK, Surathkal?"
92,What are some of the best romantic movies in English?
93,What causes a nightmare?
94,What is abstract expressionism in painting?
95,How does 3D printing work?
96,What was it like to attend Caltech with Jeremy Ehrhardt?
97,Why did harry become a horcrux?
98,What are the best associate product manager (APM) programs that someone in their early 20s can join to learn product management and have a rewarding career in the company?
99,Why is the number for Skype at 1-855-425-3768 always busy?
100,Will there really be any war between India and Pakistan over the Uri attack? What will be its effects?
101,Did Ronald Reagan have a mannerism in his speech?
102,What were the war strategies of the Union and the Confederates during the Civil War?
103,Which is the best fiction novel of 2016?
104,Can I recover my email if I forgot the password?
105,Will the recent demonetisation results in higher GDP? If so how much?
106,Have you ever heard of travel hacking?
107,What's the difference between love and pity?
108,How competitive is the hiring process at Republic Bank?
109,How Google helps in spam ranking adjustment of the search results?
110,Where can I watch gonulcelen with english subtitles?
111,Is USA the most powerful country of the world?
112,How do you obtain an instant ulcer pain relief?
113,What do you think China food?
114,What does taking advantage of someone mean?
115,Why do we cry when we are happy and when we are sad?
116,Why do some girls like to stick their their tongues out when taking pictures?
117,"Did you find the ending of the novel ""1984"" depressing?"
118,What are some mind-blowing computer tools that exist that most people don't know about?
119,Should the toothbrush be wet or dry before applying the toothpaste?
120,Why my question was marked as needing imrovement?
121,What is the difference between a neutral state and a buffer state?
122,What mineral holds the highest electrical charge?
123,What is the greatest mystery in the universe?
124,What is the alternative to machine learning?
125,"Why does China block sanctions at the UN against the Jaish-e-Mohammad (JeM) chief, Masood Azhar?"
126,What is the mean of future budget?
127,Can excessive amounts of Vitamin C cause me to have a miscarriage?
128,What is it like to work in Asahi India Glass? What will be the pay scale after one or two years?
129,How do I access Torbox in India?
130,What are some yakshini mantras?
131,Was six party talks successful?
132,How do I register my domain site email?
133,Is it normal for older men to be attracted to young women?
134,What is the strongest structure or strongest shape under compression?
135,Who are the Rohingya Muslims?
136,Does it matter whether humans are selfish or evil?
137,Are exocytosis and endocytosis examples of active or passive transport?
138,How i get hair on bald head?
139,What is the ideal life after retirement?
140,What is our stance against Pakistan?
141,What are good websites for escorts?
142,Which one is better polo diesel or grand i10 petrol?
143,Does a black hole have mass?
144,"Is Morgan Freeman correct when he says the only way to stop racism, is to stop talking about it?"
145,Does Fab currently offer new employees stock options or RSUs?
146,How would you review the site Waveclues?
147,In how many ways can we distribute 10 identical looking pencils to 4 students so that each student gets at least one pencil?
148,How much would it cost to hire Jerry Seinfeld for 1-2 hours?
149,Is 7 days too late for rabies vaccine after a possible non-bite exposure?
150,How many years Britain ruled India?
151,How can I stop being afraid of working?
152,Why does Red keep the keys in OITNB?
153,At what age should someone lose their virginity?
154,How forgetful are you?
155,Could Snoke secretly be Darth Maul?
156,"If I do not monetize YouTube videos & upload copyright content, then are there chances that Google may block my account?"
157,Would you switch from Canon 6D to Leica D-LUX 109?
158,What does the Quora website look like to members of Quora moderation?
159,Why nobody answer my questions in Quora?
160,What is the funniest joke you know?
161,"I got job offer @ Chelmsford-Essex, London with £3764 PM pay-after tax deduction. Pls advice tentative monthly expenses for couple? & saving possible?"
162,What are stereotypes about the United Kingdom?
163,How do I use Twitter as a business source?
164,How can I transfer money from Skrill to a PayPal account?
165,Which is the best earphone with deep bass under 1000?
166,Are government employees eligible to Sukanya Samrudi Yojana?
167,Which is correct - 'Looking forward to speak with you' or 'Look forward to speak with you'?
168,Which are the best engineering fields?
169,How do you make life suit you and stop life from abusing you mentally and emotionally?
170,What is the difference between gross salary and CTC?
171,Which are the prospering towns in Kerala?
172,What is the best way to gain confidence?
173,Does anyone see the relation between Greek gods and Hindu gods?
174,How do I switch from Apple Music to Spotify?
175,Which is the best fixed income fund?
176,What is it like to live in Cologne?
177,"Between Robert De Niro and Al Pacino, who is more successful?"
178,Why does some people prefer small families.?
179,Do animals kiss?
180,How do you get deleted Instagram chats?
181,How can I stop being addicted to love?
182,What if I hired two private eyes and ordered them to follow each other?
183,How do I find a startup accelerator?
184,How can I check wifi history and access it through android phones?
185,"What was the significance of the battle of Somme, and how did this battle compare and contrast to the Battle of Rostov?"
186,What is the most creative college admissions essay you've read?
187,"What would happen if you cover one of your eyes with an eye patch for one year, then take the patch off?"
188,Is it possible to pursue many different things in life?
189,Did Ben Affleck shine more than Christian Bale as Batman?
190,Which business is good start up in Hyderabad?
191,How can I stop being so possessive?
192,Who was the wife of Lord Krishna?
193,What is the best combination of courses I can take up along with CA to enhance my career?
194,How do you take a screenshot on a Mac laptop?
195,What is the work of an executive recruiter like?
196,Which psychological need does 'collecting' fulfill?
197,What are some must watch TV shows before you die?
198,How can I become more fluent in Chinese?
199,What are the effects of demonitization of 500 and 1000 rupees notes on real estate sector?
200,What is the easiest way to become a billionaire($)?
201,Are there People who are willing to give free lectures or conduct free workshop in India colleges?
202,What's the best way to start learning robotics?
203,Why do people hate Hillary Clinton?
204,Why are women who are on their periods are regarded as 'unclean' such that they are prevented in taking an actived part in rituals (Hinduism)?
205,"If atheism is the lack of belief in gods, what is the term for the belief that there is no god?"
206,What is it like to be Jack Dorsey?
207,What are the best quotes/lessons of the Assassin's Creed series?
208,"Do inkjet printers use color ink when printing black and white documents? If so, why?"
209,Why is creativity important?
210,If Hillary Clinton could not continue her Presidential campaign how would the Democratic Party choose a new candidate?
211,How headphones work as an Antenna to play FM radio channels on Mobile phones? Why mobile companies doesn't install the same inbuilt Antenna on phones to be able to play FM without the headphones?
212,What are the best career growth technologies for automation engineers apart from automation tools?
213,What are the disadvantages of listing a company in NSE?
214,How many derivatives of an object's position with respect to time have to be continuous?
215,Is the neutron star made up of?
216,I got a 3.8 GPA. Is it enough to get into top universities like Harvard?
217,What is a profitable way to trade binary options?
218,How do I utilize free time to avoid depression?
219,How can I learn computer security?
220,How do I earn from Quora?
221,What is my puk code?
222,How can I find job in Japan?
223,"What are some examples of sentences using the word ""hysteria""?"
224,Will there be another billion dollar lottery Jackpot?
225,How scary is it to drive on the road to Hana given all of the turns?
226,How do I create a new shell in a new terminal using C programming (Linux terminal)?
227,Does cognition affect perception?
228,How TQWL is different from CKWL (Tatkal waiting list)?
229,How can we make the world a better place to live in for the future generations?
230,How many Champions are there in League of Legends?
231,Is drinking 4 liters of water each day unhealthy?
232,"Where does the water from the Great Lakes come from, and how does these lakes wildlife compare to Lake Prespa?"
233,Do porn stars watch porn?
234,"Trump supporters, how do you feel about the way he's walking back his promises?"
235,Why are we worried about others' opinions?
236,How do you potty train a 4 months Pitbull?
237,"If I jump rope for five minutes, how many calories will I use?"
238,Which online test series is best for GATE 2017 in CS stream?
239,What is the best material for understanding algorithmic analysis by a newbie?
240,What is the temperament of a Bullmastiff/Husky mix?
241,"There are 8 balls. 7 of them weigh the same. 1 of them has a different weight, (you don't know if it's heavier or lighter). How do you find the odd ball with 2 weighs?"
242,"In the play ""A Raisin in the Sun"", why do Walter ad Beneatha argue?"
243,What are the signs of an ultra smart person playing dumb?
244,If dark energy is created with expansion can infinite of it be created?
245,How do you get a book published?
246,Who is disrupting Bloomberg?
247,Why can flash run so fast?
248,"What is the best way to invest $500 legally so that I can get tangible profits over a relatively short period of time, say 6 months?"
249,How will the implementation of GST bill impact the lives of common people?
250,How can you recover your Gmail password?
251,How accurately can a mental illness can be diagnosed?
252,Is knee pain in a 20 year old girl normal?
253,What are the qualities of a good leader?
254,"What is the difference between bay, gulf and straits?"
255,Will Modi win in 2019?
256,How can I open DMart store in India? Is there any franchise for that?
257,What are the best YouTube channels to learn medicine?
258,Did Swami Vivekananda ever eat non-veg or egg during his journey around the world?
259,What will happen if I cancel TQWL tickets before the charting is done?
260,"What exactly is the ""Common Core Initiative/Standards"" and what are the pros and cons?"
261,How do I choose a journal to publish my paper?
262,What are your New Year's resolutions for 2017?
263,What do you do if you had a bad dream?
264,Why do Slavs squat?
265,How many marks should I score for AIIMS rank 151?
266,"In an operating room, when two surgeons of equal experience disagree on a surgical procedure, how is the tie broken?"
267,How many months does it take to gain knowledge in developing Android apps from scratch?
268,How do I love my body as a guy?
269,What are the rights of a prisoner?
270,How can I get free gems in Clash of Clans?
271,Why aren't there more apps like Word Lens?
272,My ex-girlfriend is suffering from malaria. I have a deep urge of visiting her but I have my placements on. I have no idea how to be with her. What should I do?
273,What is the best way to get traffic on your website?
274,How do you feel when someone upvotes your answer on Quora?
275,What are some of the best films and TV shows that feature strong female protagonists?
276,How far would you go for love? Should I wait for the one I love ir move on?
277,How do most people die?
278,Why are most clothes made of polyester now instead of cotton?
279,What is in bone marrow?
280,Were there any slave with the name Reddice?
281,How long does it take for a dead body to float to the surface after drowning ?
282,How do I get over a friend with whom I haven't talked in 3 years but still miss him?
283,When travelling to a new region is it better to immerse yourself in 1–2 cities or to see as many cities as you can cram in?
284,How can I make money online with free of cost?
285,Where can I buy best quality customized cupcakes in Gold Coast?
286,How successful was odd even plan?
287,If there will be a war between India and Pakistan who will win?
288,How do you deal with a fear of dying?
289,What would be the estimated cost of repairing the cracked screen of iphone 6?
290,What are the most interesting products and innovations that McDonald's is coming out with in 2016?
291,"Is there an end to the universe, and if not, is the universe infinite?"
292,What is CPAGrip.com?
293,How much funds should I raise?
294,What Anna Hazare think about PM Modi?
295,What will be the effect of banning 500 and 1000 notes on stock markets in India?
296,How does concentric contractions differ from eccentric contractions?
297,Why did the puppet they used for Yoda in Episode I suck so bad?
298,On what online platforms can I post ads for beer money opportunity?
299,What the meaning of this all life?
300,How should I start small business effectively?
301,How can we acquire a positive morality?
302,Do you need friends?
303,Do I exist?
304,Which are the best Hollywood thriller movies?
305,"Should I repeat 2nd year in college, or find a new college? It's a 5 year course."
306,How is petrol or diesel pumped up in a filling station using a motor without igniting any fire?
307,What job possibilities exist for a Bachelors in Homeland Security?
308,Which are the best books to understand calculus?
309,Why and how did you break up with her/him?
310,Can I use Jio SIM in iPhone 5s?
311,What are some unwritten rules in USA?
312,What is the best answer to what you did in two years gap in a job interview?
313,What are the best songs for low voices?
314,Can anyone predict my birth chart?
315,When was the birth of the trigonometric functions?
316,"What does this saying mean; ""Don't trust everything you see even salt looks like sugar""?"
317,What do countries do to prevent war?
318,How can I become a billionaire?
319,Why should I learn web design?
320,"What's the best on-line calender/scheduling/booking system? Something that allows me to show my availability & customers can 'request' to meet me. When I 'accept' their request, the appointment pops into our calendars & reminders are automated."
321,How will Indian GDP be affected from banning 500 and 1000 rupees notes?
322,Why does understanding death philosophical?
323,Why are dogs considered omnivores?
324,What it is like to be cheated upon in a relationship?
325,How do I know if someone blocked my texts?
326,What are the most interesting foods you have eaten in any country?
327,What is it like to be a private banker?
328,What is journalism for you?
329,How can one increase concentration?
330,"How do I see ""sent invitations"" on Linkedin if I don't have any more pending invitations?"
331,What are the pros and cons of the German Shepherd dog?
332,What is the difference between deism and agnosticism?
333,Why do male porn stars masturbate to ejaculate?
334,How much CGPA I require to get an admission for MTech CSE at IIT Madras?
335,Is there a biological reason that people cry when they are emotional?
336,What are 5 facts about the earth's crust?
337,Why does ISRO not use friction stir welding technology?
338,I wish to simulate a fake location for an app running on my iOS device. How do you fake a GPS location for iOS without jailbreaking as a non-coder?
339,What would be the best way to quit smoking?
340,Which is the best programing language for tcs?
341,Earthquake resistant homes?
342,Is Kristen Stewart a bad actress?  Why or why not?
343,Why do some Japanese guys try to look feminine? Don't the girls find it gross?
344,What are the five most popular sugar daddy websites?
345,What is the VTU 1st sem exam time table of 2016 (Dec)?
346,What is the best phone to buy below 15k?
347,How do we start a business?
348,What's the best near-death experience you've ever had?
349,Why do I keep getting fleas from my dogs?
350,What year did the letter J come?
351,Harvard College Courses: What is general shopping advice for Turkish classes?
352,How do I send message from one Android phone to another Android phone through bluetooth?
353,What are the most important books ever written?
354,What universities does Sigma Designs recruit new grads from? What majors are they looking for?
355,Can we do an M.Phil in India after doing Masters in UK (MA in Psychology)?
356,What universities does Powell Industries recruit new grads from? What majors are they looking for?
357,What are some of the best movie posters you have come across?
358,What are some examples of deuteromycota and how are they formed?
359,How racist is too racist?
360,Are there any differences between however and nevertheless?
361,Are Canada Geese really Canadian?
362,How do I find the zeros of the polynomial function [math]f(x)=\dfrac{1}{2}x^{3}-3x[/math]?
363,How do I edit my devices on my Google play account?
364,How can I become a good speaker?
365,How can I write a letter to Mr. Narendra Modi?
366,Who is more electable in a general Presidential election: Donald Trump or Ted Cruz?
367,Why do they name bastards Snow?
368,What do you think about the Bermuda Triangle?
369,Do Mexican girls like black guys?
370,Have you lived in a tiny house?
371,"What is a boy/girl called when he/she is 1-6 years old, 6-11years old, 11-14 years old, and 14-18 years old?"
372,Can you debeak cockerels at 8 months old?
373,What should someone do to overcome anxiety?
374,How do we avoid whey in Yogurt?
375,"Im in love with my bisexual best friend who is also a guy and has a girlfriend, and I want to tell him. How do I move on?"
376,What is the best university in Germany for an MS?
377,How do I maintain my peace of mind?
378,Which car has good build quality in india?
379,Why does massaging one's temples soothe a migraine or headache?
380,Which one is better among KMC Manipal and KMC Mangalore?
381,Why are my bestfriend still ignoring me?
382,What are the sensors available in Acer Liquid Z630S Android Smart phone by using CPU-Z App?
383,How do I keep motivation to learn a language?
384,What are the top assessment companies in India?
385,What does @ mean as an emoticon?
386,Is a pinkish discharge normal in early pregnancy? What causes it?
387,What are the best ways to properly finger yourself?
388,How do scientists work?
389,How many sponsored candidates are shortlisted for CMC vellore?
390,What is the different between Chinese wedding ceremony and western wedding ceremony?
391,What is the condition of tourism in Pakistan?
392,What is the different between offshore and onshore funds?
393,Why should one hate Shahrukh Khan?
394,What are the best self-help books you've ever read?
395,Is Evernote useful?
396,A title for my continuation to The Gift of the Magi?
397,What is a good song to lyric prank your best friend?
398,I argued with my gf that she made friends with the person that hit on her. She said I'm a control freak and she wants her freedom. What should I do?
399,How do I pass a drug test for methamphetamine?
400,How could start with open source development?
401,Why do dreams look so real?
402,Do cricket players really drink tea on a tea break?
403,How can I get entry in MIT?
404,Does a fetus breathe when it's inside a womb?
405,What are movies with incest scenes?
406,"What are the signs that a guy has feelings for you or has a crush on you, but doesn't want to show it, so he hides it?"
407,"According to the International Federation of Robotics, how many robots existed in 2012?"
408,"Why is Oberon mad at Titania in ""A Midsummer Night's Dream""?"
409,Do you regret your divorce?
410,"How much does your DNA change over time? If I were to clone myself 70 years from now, will the clone have the same hair color?"
411,Is it right to tell a girl the you have feelings for her?
412,"Is Donald Trump taking cocaine, as Howard Dean suggests?"
413,"Is it true that in order to be part of an elite or just rich and successful, you have to join a secret organisation otherwise no chance at all?"
414,Which is more financially beneficial: being in a firm or teaching in an architecture college?
415,How can I see the Comedy Nights with Kapil live show?
416,Why is sandeep maheshwari not on Quora?
417,What is the biggest monster in Monster Hunter?
418,How can I convince people to stop blaspheming against the Holy Spirit?
419,Why can't I stop watching porn?
420,How can I start trusting any one?
421,What's your bucket list?
422,How did you first come across porn?
423,"Which car services are available in Normal, IL? How good are they compared to taxis and relative to each other?"
424,Why can’t charged molecules pass through the lipid cell membrane?
425,How does it feel to be a spouse of a renowned porn star?
426,What is the best hostel booking affiliate program?
427,"How can the drive from Brooklyn to Staten Island be described, and how do these cities' tourist attractions compare to those in Queens?"
428,What can I eat every day to be more healthy?
429,How do I make free calls to family members on Airtel Andhra Pradesh?
430,What would Hillary Clinton do now that the election is over?
431,Should I use Vicks Vapor Rub for a stuffy nose?
432,How I start prepare for UGC net English literature latest syllabus?
433,How did early Europeans get protein before the Columbian Exchange?
434,What is the best forum for graphic designers?
435,Is Alex Jones a satirical show?
436,Should I learn AngularJS 1.5 instead of AngularJS 2 if I don't know TypeScript?
437,Why can't we fall asleep on some days?
438,Which Marvel movies have not included Stan Lee cameos?
439,What are your views on Modi governments decision to demonetize 500 and 1000 rupee notes? How will this affect economy?
440,What does the 10/6 label on the Mad Hatter's hat mean?
441,Who wrote the Kars for Kids jingle?
442,Why is Saltwater Taffy candy imported in Greece?
443,What are the minimum requirements to enter MIT?
444,How do you answer a question on Quora?
445,Israel vs Iran: who would win?
446,When is it too late to learn the piano?
447,What are natural numbers?
448,Is One Plus 3T 4G VoLTE enabled phone?
449,How do I enter a new email ID which I can access to recover my Facebook ID?
450,How we can travel faster than light?
451,What is it like being a firefighter?
452,What are the factors that causes data inconsistency in distributed platform/application?
453,What are the differences between POCSO and sexual offenses in the IPC?
454,"What is an alternative for the word ""is""?"
455,What is considered an illegal screen in the NBA?
456,Nothing excites me anymore. How do I regain that excitement?
457,What are the life lessons that Batman teaches us?
458,How do you stop a criminal's attempt to kidnap you so you escape unharmed?
459,How do I sell on Amazon?
460,Daniel Ek: When an we expect Spotify in India?
461,What are the top 10 books one should read in his or her early 20s?
462,Which book should I start with for the GATE preparation?
463,"What does the phrase ""He who does not love abides in death"" exactly mean?"
464,What is similar to 4Shared?
465,Can you get high if someone touches weed and then you shake their hand and then you eat something with that same hand?
466,Considering the current trend of information technology what is the future of print media?
467,What is the best recipe for chicken pizza?
468,What are some good places to learn mountaineering in India?
469,Do new table tennis balls damage rubbers?
470,My new Xbox one S can't connect to internet during setup. Any solutions?
471,Is it wrong for me to be content with my life?
472,Is gravity only a theory?
473,How could I become a fighter pilot when I have less than the required eyesight?
474,Operation executive salary in Infosys?
475,Have cavemen been scientifically tested?
476,Can climate change be reversed?
477,How should ask my crush for her number?
478,Why do I believe that gravitation force exist?
479,Did Mahabharata really happen?
480,Can Congress stop Presidents from starting a major war?
481,Is it safe to lose 25 pounds in 1 month?
482,What are some cute shounen ai series?
483,Why are police lights red and blue?
484,How do I post a question that was marked as needing improvement?
485,Who owns nature?
486,How can I install OBB/data file on an Android?
487,What is garbage value? And Why do we get garbage value in c?
488,How do I prepare for software interviews?
489,Does Rahul Gandhi have any chance to become next PM of India after Modi?
490,Is noon 12 am or 12 pm?
491,What is the difference between a comet and an asteroid?
492,Is chocolate milk good for you?
493,How should I study
494,Which country is best for higher education and work?
495,What is the painting on this image?
496,Which are the major highways in California and how are they compared to the major highways in Tennessee?
497,What's beyond our Universe?
498,Is growing of hair a physical or a chemical change?
499,What is the difference between culture and history?
500,What does it mean when a guy says I like you?
501,"What makes a programmer ""good?"""
502,What will most likely cause World War III?
503,Is civil war likely after the US presidential election?
504,Which European country is the best for asylum seekers?
505,Where and how do the crop circles get generated?
506,Will baking soda help pass a urine test?
507,What is Zika virus and how is it transmitted?
508,What is the best way to learn algebra by yourself?
509,How does it feel to retake a class in college?
510,Does Google Display Network require any site to have it SEO (on-page and off-page optimized) first before they can proceed with GDN? Is this possible?
511,"How hard is it to fake appearing ""spiritual"" in a Christian community?"
512,What is an actinomorphic flower?
513,What is the best place for sex?
514,Do people with anemia die younger?
515,"How do you feel about the new MacBook Pro, late 2016?"
516,Does covering your head while sleeping cause brain damage?
517,What are the major differences between Chinese culture and western cultures?
518,What are scraping techniques?
519,I am 29Y old. I have diabetic Type 2. Recently my sugar level was increased to 150 (fasting). I do exercise and eat whole grains. why this happening?
520,Is it healthy to eat egg whites every day?
521,What words rank the highest on Dictionary.com's difficulty index?
522,Why can't I feel remorse or empathy at all?
523,How many minutes of cardio a day should I do?
524,Why is my dog biting me?
525,How can I treat a severe foot sprain?
526,How can a severe crick in the neck be treated?
527,What are the best places to recommend foreigners to visit in Nepal?
528,"Who do I activate the dlc of skyrim in a laptop? Ive got it working on my computer after doing the command lines, but did the same on laptop, to no use.."
529,How should I prepare for HSBC GLT placement tests?
530,Did any Indian writers/authors ever use a pen name?
531,How do I register institute providing training in various programming languages for vocational courses as it will exempt it from the service tax?
532,How imminent is world war III?
533,How do you write a song?
534,What could be Narendra Modi's next move after demonetization?
535,"If you have me, you want to share me. If you share me, you haven't got me. What am I?"
536,"What is an interesting fact that you know and I don't, but shouldn't?"
537,What is the problem with controlled fusion?
538,Where do I find 3ds emulator for android?
539,"I want to start my clothes boutique in India, from where can I buy cheap wholesale clothes?"
540,How can I become a true computer science engineer?
541,Is it necessary to unlock bootloader before rooting Android phones?
542,What is bss engineer?
543,Why do I get punished by Quora moderators when I put Israel and Judaism in a negative light?
544,What can you do in lucid dreams?
545,What does it feel like to be beautiful?
546,Is it possible to do CA after 12th Science?
547,How can I hack someones whatsapp account?
548,What is it like to study math at UCLA?
549,What is the best lesson in life?
550,What are some Interesting mobile apps?
551,How will Trump's presidency affect Indian students who are planning to do a PhD in the US?
552,What are the various Batman movies in the series? (In order)
553,What are the best daily life hacks one can use to make his life easy?
554,How much weight will I lose by not eating for a week?
555,What is your favourite anime character and why?
556,How do ATM machines work internally?
557,How many Mechanical Engineers graduate from India per year?
558,How do I start a successful private equity firm?
559,What are most underrated date activities?
560,What are some common facts every mechanical engineer should know?
561,What can be the medium budget to visit best places in Kerala for three members (2-3 days)?
562,"Why is Quora Digest filled with questions about Google, IQ, and China?"
563,How would you destroy the world?
564,How can I earn money from YouTube?
565,What are the differences between particles and molecules?
566,"On Facebook, how can I add mutual friends?"
567,"What is Russian president Vladmir Putin like as a person, to his closest friends and family?"
568,How do I start writing again?
569,If time started because of the big bang happening then how could the big bang start because there was no time for the big bang to start?
570,How does it feel to be in a relationship than being single and how does our life changes when we are in a relationship?
571,How can I start civil service exam preparation from scratch?
572,What are the non-invasive blood glucose monitoring systems abroad?
573,What is the difference in pleasure between masturbation and sex?
574,"What does ""the more things change the more they stay the same"" mean?"
575,How do I start a solar energy business in egypt?
576,"Can my PC with specs 2 GB DDR2@ RAM, Intel Core Duo 3.5 GHz, NVidia GeForce GT 610 3gb DDR3 run Assassin's Creed Syndicate and GTA V?"
577,Do you have any psychic abilities?
578,How do I manage time for studies?
579,What is the academic calendar at XLRI?
580,What is your take on Urjit Patel as the new RBI governor?
581,Why do you want to be to president?
582,Why India does not have friendly relations with it's neighbouring countries?
583,Do Trump voters care that he has reneged all his campaign promises?
584,"Can I learn while sleeping? If so, how?"
585,Can you play Asian Playstation 4 games on a European Playstation?
586,How do I stop being addicted to porn?
587,"Why did British engineering and manufacturing skills decline so dramatically in the 60s, 70s and 80s, especially when compared with Germany's?"
588,How do I work with machine learning researchers after graduation?
589,What is the future for iOS Developers?
590,What is the meaning of life? Whats our purpose on Earth?
591,How do I be a boyfriend?
592,How is time travel possible?
593,How can one get a fuller face?
594,Is it too late for me at the age of 25 thinking to start a career in photography?
595,What’s the best time to have sex?
596,Can we weld steel and aluminum together?
597,Which YouTube video has the highest like/dislike ratio?
598,What is solution to Kashmir issue?
599,"If you dug a hole through the earth, and came out the other side what would happen?"
600,Can we create free energy?
601,What should I do for Web design?
602,What's the funniest highbrow joke you've ever heard?
603,How do I find the phenotypic ratio?
604,Why does Saturn benefit a house it sits in slowly?
605,Who is the most academically qualified Bollywood celebrity?
606,"Is there a difference in quality between wired and wireless headphones? If so, why?"
607,What are some movies that everyone needs to watch at least once in life?
608,Can World War 3 ever take place?
609,How can eating prunes help during a constipation?
610,You have given all statement as correct in UNCCD question in CSE prelim 2016. While many coachings have taken 2nd statement as wrong.?
611,What would be today’s technology had we never realized the value of binary numbers and harnessed it to produce digital technology?
612,What is the best way to invest in oil and natural gas?
613,Is Arnab Goswami pro-BJP?
614,What are some good sources for learning NuGet?
615,How would do you describe a person with lots of interests?
616,Is it possible to turn off indicator light on a dahua camera?
617,Why is Barack Obama so important for the world?
618,What is the reason Pakistan supports terrorism?
619,How do I can stop hairfall?
620,"In your opinion, what is the best classical song of all time?"
621,What are some unusual aspects about politics and government in Hungary?
622,What is the aim?
623,How should I respond to my boss who fired me via email?
624,What are cheap and budget stay options in North Goa?
625,Is there any other website similar to Quora?
626,What are the conditions in European refugee camps?
627,"What is the opposite of ""homebird""?"
628,How do you know that your fiance loves you?
629,Can somebody explain to me how to do this problem with steps?
630,How do I develop my presence of mind?
631,Mathematical Fallacies: What is wrong in this proof that 2+2 = 5?
632,Will it help CIBIL score if I pay off my written-off amount?
633,Should the Hobbit be considered a canonical Tolkien work?
634,What do Japanese think about Malaysian?
635,Is the Har Ki Dun trek easy?
636,What are the good websites to learn C programming for begineer?
637,Will the Supreme Court's decision of playing the National Anthem before movie screenings affect your patriotism?
638,"If the United States has a female president, will her husband be called the first gentleman? What will Bill Clinton be called if Hillary is elected?"
639,How can I get MOOC/E-learning through online web and video courses related to filmmaking & production developed by Indian professors?
640,Mobile Number Portability finally will start on May 3. Do network providers really agree to this?
641,Why do people hate twilight saga?
642,Do you believe imperialism left a positive or negative legacy in the Indian subcontinent and in Africa?
643,Why is C the best programming language?
644,How can I improve my spoken English ability?
645,How can I have gay sex?
646,I'm transferring to a school with a US curriculum (taking the IBDP) from a Philippine school w/ a percent average grading system. How do I get my GPA?
647,How do I make money with YouTube?
648,How do I find love in life?
649,"Which option is better to reduce weight, swimming or gym?"
650,Is there any way to get rid of gynecomastia?
651,Which payment gateway in Saudi that using to collect and pay money from/to multiple ?
652,Are there any scientific reasons behind Hindu temples?
653,Is (male) circumcision required in Islam?
654,Where can I get super high quality photos for any photo booth services in Sydney?
655,How can I find out whom I sent a friend request to on Instagram?
656,How can I control on my anger?
657,What are genders?
658,How do I get off Quora?
659,How long can raw and cooked sausage last refrigerated?
660,What are the best available smartphones gadgets?
661,How does it feel to be a closeted gay in India?
662,Can we switch roles at Amazon?
663,What happens if dictatorship is continuing in the present days?
664,What makes a great cup of coffee great?
665,Is the US election rigged?
666,Why hasn't Gayle Laakmann McDowell/careercup created a MOOC or a coding bootcamp?
667,What is fermentation? What are some products of fermentation?
668,"What do you think about my short film, ""ColorShift""?"
669,Should there be a war between India and Pakistan for Kashmir?
670,What is the best way to get you food stamp card?
671,"What are some real world example of encapsulation and abstraction and how are they different, yet related?"
672,What are ways to deal with fabricate security and insurance of android application?
673,What is the best accordion for beginners to learn on?
674,Role of junior leaders in Indian army?
675,What's your opinion about the decision on removal of 500 and 1000 rupees currency notes?
676,What are some of the most mind-blowing facts about Bengaluru?
677,"If both the parents have blood group B+, can the child have A+?"
678,Which book is best for Neet chemistry?
679,What is the essence of enlightenment?
680,Why are so many questions posted to Quora that are so easily answered by using Google?
681,How should I answer if an interviewer asks me to sell a pen or any other product as I am pursuing a MBA?
682,What are some great side dishes for a minestrone soup?
683,How much is the maximum gold you can take when flying from India to USA?
684,"If my reservation status is RAC, does it mean the seat has been confirmed?"
685,How does a new website protect its design and user interface from copycats?
686,How can I improve my skills?
687,Is it possible to use SPI between AVR and Raspberry pi?
688,Which are the best movies of 2016?
689,What would be effect of 500 and 1000 Rs notes ban?
690,What are some of the best photos?
691,Why students run away from home?
692,"In C++, what are access modifiers?"
693,"Can you analyze history, or is it unscientific?"
694,What are some interesting theories about life after death?
695,Do I need to get a tetanus shot again?
696,How light bend with gravity?
697,What does it mean to hike up your skirt?
698,How many new cars are sold by Maserati in the US each year?
699,How do you send a private message to someone you're following on Quora?
700,How do you train a white Pitbull with brown spots?
701,What is the difference between a turkey and a chicken?
702,What are some of the most surreal questions asked on Quora?
703,What is the difference between IT and computer science engineering?
704,When will the best time for having sex?
705,How can I consult a good free online astrologer?
706,Why we don't feel sympathy towards everyone?
707,Why do brothers hate sisters?
708,What is the best site for downloading Kannada films in torrent form?
709,What are some of the most gruesome causes of death?
710,What is latency in telecom?
711,Is senior residency at Hindu Rao Hospital teaching experience?
712,What behavioral adaptations do pandas have?
713,Is Textile Engineering Good?
714,What is the fastest production car?
715,How magnets are made?
716,What's the street value of A332?
717,What are the qualifications for being an FBI or CIA agent?
718,What is the best operating system for the PC in 2014?
719,Why are major Indian TV channels absent in northeast?
720,Hypothetical scenario: Our actual credit card system & banking never existed before. How would you implement a digital currency on the Internet today?
721,How does Quora quickly mark questions as needing improvement?
722,How will I contact a good hacker?
723,What are the best horror novel in 2016?
724,What is the most beautiful thing that you have ever seen?
725,What are the most important things for living a good life?
726,What is the meaning and purpose to life?
727,What should I do when my friends betray me?
728,I'm 15 year old my height is 5 feet 7 inches and my weight is 50 kg what should I do to gain weight?
729,Why is Saltwater taffy candy imported in China?
730,Is there a different price over the Internet than in person when trying to book a room in Mexico City from the US?
731,Why did Venuetastic fail?
732,"Which were some of the most amazing responses you have got with Cortana, Siri or Amazon Echo?"
733,What is most important in life - money or values?
734,Who are the best hackers in India?
735,Should the Indian education system be changed?
736,What are the multiple uses of hollow columns?
737,Which are some commonly mispronounced words?
738,Why is it that every teen girl has a crush on her mathematics teacher? Is it the intelligence or their behavior?
739,Is it too late to go to medical school and become a doctor?
740,Where can I buy best quality commercial innerspring sofa bed in Chatswood West?
741,"If you screenshot someone's Instagram video, will they get notified that you screenshotted it?"
742,"What government exams, other than the GATE, can final year computer science students give?"
743,What sentences use all 26 letters without any repeats?
744,What is the effect of hypodensity of white matter in parietal lobe of brain?
745,What is your job and your salary? Are you satisfied with your current job?
746,Psychopaths: Do you find babies cute?
747,What is the opera song with a choir used for horror movies?
748,Would a woman in the Catholic Church be shunned or ostracized for having a sexual relationship with a priest?
749,"If a Canadian gets a tattoo in America, do they have to declare the cost when returning to Canada?"
750,How can I see who blocked me at Facebook?
751,Why has there been a scarcity of high quality fantasy films?
752,Who are some of great coders from Tamil Nadu?
753,What do think of when you hear the word elect?
754,Which is the best programming language to learn in 2017?
755,What is the ultimate way to serve humanity?
756,How can I calculate 72 hours from now?
757,How hard was it for Jimmy Wales to immigrate to the UK?
758,Cochin to London etihad is the change over time of 1hr sufficient in Dubai?
759,What is Quora's algorithm for sorting answers to a single question?
760,What will be the resolution one should have for the year 2016?
761,What are Balaji Viswanathan's views on caste based reservations in India?
762,Jawed habib haircut prices?
763,Does any one have ebook of answers of wren and Martin grammer and composition?
764,What is [math]x[/math] if [math]x+\left(\dfrac{1}{x}\right) =0[/math]?
765,Whenever its about “her” its a very special feeling. Tried hard to forget her but she's alwys spcl. Should I stop talking to her even as a friend ?
766,What are Mutual funds? How do they work?
767,How has the vertebral column anatomy changed through time?
768,Which acoustic bass guitar is the best?
769,Which universities in the US offer more management content in the management information systems curriculum?
770,My maths have become extremely weak and I am in class 12th. How can I improve my maths so that I can clear my JEE exams next year?
771,"What is a ""function"" in the context of functional programming?"
772,What is the main difference between socialism and communism.?
773,How do I change my Facebook password?
774,How is the word 'valiant' used in a sentence?
775,Why I feel dizzy when I am playing some 3D games but others do not make me feel like this? Are there any tricks in developing 3D games to avoid this?
776,How do payroll companies make money?
777,What are the most underrated and overrated movies you've seen?
778,For what use cases do you think deep learning and neural networks overkill and simpler models work better in practice?
779,"Which one to learn, C++ or C#?"
780,Will a Fitbit accurately track my activity if I am riding a bike?
781,What is the best evidence for a historical Jesus?
782,Which free online language classes would allow me to go from 0 to fluent in Portuguese given their provided courses of study?
783,How do the PM and Prez get women?
784,What are some of the best part-time jobs where you can work from home and make some good cash?
785,Does Trump have a chance at winning presidency?
786,What if I shift my job from e-commerce to cloud computing?
787,How can I meet Suresh Raina?
788,What is the name of the song in which picturized on Madhuri Dixit and Ranbir Kapoor and is from which movie?
789,What is the function of nucleoplasm in a plant cell?
790,"Can fossil records be used as evidence for evolution? If so, how?"
791,What is the Hizmet movement?
792,Could CAT exam and MAT exam take place on same day (4th December 2016)?
793,What mythical creatures are in the Bible?
794,"Which one is good: oral, anal, or vaginal sex?"
795,"What are the winter weather conditions like in Cincinnati, OH?"
796,What stocks are the best to invest in right now?
797,How do we improve reading skills of children?
798,What should I do if someone has posted a porn video under my name?
799,Do you lose nutrients & calories when you have diarrhea?
800,What are the safety precautions on handling shotguns proposed by the NRA in Alaska?
801,What is the benefit of going Walking every morning?
802,Are there any martial artists who started later in life and went on to become champions?
803,How do I get my ex back?
804,Which framework should i choose for cross-platform mobile development?
805,What is the best way to prepare to IELTS?
806,How do I know if the girl am dating online truly live me for real?
807,What area of games programming is most mathematically involved and suited to a math major?
808,What are the differences between larceny and robbery?
809,Is graph theory counted as a prerequisite for machine learning?
810,What are the best schools to study Natural language Processing in India?
811,Will Ted Cruz supporters vote for Donald Trump?
812,What is a GDP?
813,"Is there a ""blind trust"" provision for American Presidents, and how is it enforced?"
814,How do I make a girl who is a newly joined junior in my college to fall in love with me?
815,What are the home remedies for piles or anal fissure?
816,How many words are actually needed to learn for the GRE and what is the correct method to prepare for the GRE verbal? ?
817,Is the soul immortal?
818,What are some of your own personal Moon in the 3rd House stories and experiences?
819,What can be done to reduce the pollution of India?
820,Is government liasioning legal in India?
821,"What's the meaning of ""I gotta take a shit!""?"
822,What is the best place to celebrate New Year 2017 in Hyderabad?
823,What is working hard (not in terms of studying)?
824,Can I upgrade Windows 32 bit to 64 bit Windows 8.1?
825,Which were some of the bad experiences you had in life?
826,Why is Timbaland famous?
827,Can you get a list of individual telephone numbers?
828,Do you have to wake up during REM sleep to remember your dreams?
829,What are common required and elective courses in agriculture?
830,How do I learn how to sing?
831,Who is capable of ending Google's monopoly in search?
832,Can an auto immune disease cause insomnia?
833,Does GTA IV work in Windows 7?
834,Which is the best SSC and banking training insititute in Chandigarh?
835,Which is the best PMP Certification course provider in Bangalore?
836,What is difference between net and gross income?
837,How can I wake up early in the morning?
838,Why do you love her?
839,I missed the IIT. What should I do?
840,What is the difference between the iPhone 6s and iPhone 6s Plus?
841,How can one improve a credit score by 100 points?
842,My crush likes me back
843,Who is the most powerful character in Skyrim apart from Alduin?
844,Can a Muslim guy date a non Muslim girl? Is it based on how religious the individual is or are there other factors to it?
845,What are your comments on this picture?
846,When are the roads most slippery during rain?
847,How do you prove the Heisenberg uncertainty principle experimentally?
848,What is the IELTS all about?
849,How do I lose weight without doing any sport?
850,Why do digital cameras have shutter sound?
851,What's it like dating a gangster?
852,What were the main and most important political causes of World War 1?
853,How do I get over the fear of everything?
854,Which city in India has the best weather?
855,What is the difference between HDD and SSD in layman's terms?
856,What does it mean if a dog vomits white foam?
857,Does my life hold any significance to the world/universe?
858,How is the job situation in New Zealand for computer science graduates?
859,How would I develop an e-commerce website?
860,How do you get a micro SIM card out of an iPhone 4?
861,What can I do to improve my question on Quora?
862,"If one of the people catches feelings, in an established friends with benefits arrangement, how can we drop the feelings going forward?"
863,What are some tips for someone trying to teach themselves to sing?
864,"If climate change scientists are right, why do they worry so much about public relations and packaging?"
865,What is the main reason for all the problems in India?
866,What is a good substitute for milk in macaroni and cheese?
867,How can constipation cause dizziness?
868,"Is it possible to make doctor's review app using which patients can share anonymously all treatment given by that doctor, suggested medicines,?"
869,What are some of the pros and cons of a Hillary Clinton presidency?
870,What are the best films that take place in one room?
871,Is it normal if your sperm doesn't shoot out during ejaculation?
872,Which is the best coaching center for SSC and Banking in Chandigarh?
873,"What's the next number in the series 1,1,1,2,2,2,6,6,6?"
874,What are the best things to do on Halloween?
875,"I wish to start investing in Equity and Mutual Funds. Where should I open Demat account for best rates, transaction charges and so on? I am NRI."
876,Why do companies issue bonus shares?
877,How can changing 500 and 1000 rupee notes end the black money in India?
878,"What should I major in (College) that won't leave me unemployed (other than Engineering, Law, Medicine)?"
879,Who are the best custom kiosk manufacturers in India?
880,Are there any telescopes powerful enough to view evidence left behind from NASA's moon landings?
881,Is there any architectural complex/center/forum/hub anywhere in the world? As a third space.
882,How many keywords are there in AutoHotkey Scripting Programming Language in the latest version?
883,What is the hardest thing(s) about raising children in Ukraine?
884,What is the best source to learn stock market online?
885,Why does India sabotage and badmouth all economic projects which its neighbouring counries have in the world?
886,What does a wet vagina feel like for a man?
887,Will Thursday Night Football increase ratings for CBS on Thursday nights rather than the Big Bang Theory?
888,How can I grow taller at 17?
889,Have you ever been fired?
890,How on earth would I dress like a workout guy from the year 1990 in the summer?
891,My girlfriend has stopped talking to me. What should I do?
892,What will the real estate look like now after the 500 and 1000 scraping?
893,What are the best interview questions ever asked?
894,I trust people very quickly and as a result always have been betrayed? What do I do not to trust people and still hold the relation simple?
895,Who are the best headhunters in Mumbai?
896,What is the DHP vaccine for dogs for? Is it necessary?
897,What are the differences between Asia and Africa? What are the similarities?
898,Has wizard magic been scientifically tested?
899,Why is contract law important?
900,When will moto G3 (Moto G 3rd gen 2015) get Android 7.0 (Nougat) update?
901,Prove that SNR of power = (SNR of voltage) sequare?
902,What are the best riddles by the Riddler (Batman)?
903,Why there is so much nudity content in Game of Thrones?
904,How can I get followers and comments on my blog?
905,I have only 2 months for my CA CPT exams how do I prepare?
906,What programming language should I learn if I want to do a 2D MMORPG game?
907,What is your view on the recent demonetization in India?
908,Why was cyrus mistry removed?
909,How do you cancel USAA auto insurance?
910,Why have I been so angry lately?
911,"How do you form a hypothesis, since you haven't done any testing and don't have any test results yet?"
912,What are the consequences of trolling?
913,"I am frightened of Arvind kejriwal, he may kill me, What shall I do?"
914,What disadvantages do Apple computers/laptops have over other brands?
915,What is the first moment you remember in your Life?
916,What can I do after completing BDS?
917,Does all Muslims hate Narendra Modi?
918,I'm 18. What should I do?
919,What are some really good and famous romantic comedy movies?
920,How realistic is it to get a second bachelors degree in Math as an international student holding a first bachelors degree in Accounnting?
921,How is it possible to believe in the Old Testament in which there is just one God and at the same time believe in Trinity?
922,How should I start meditating?
923,Can an infinite amount of dark or vacuum or gravitational energy be created with expansion?
924,Is Bihar really developing under mahagathbandhan sarkar?
925,How can homeopathic medicine not have side-effects?
926,How do you determine what's a good investment brokerage and what's not?
927,What is the scope of supply chain management in India?
928,Are the number of pistons equal to number of number of cylinders?
929,Should you post picture on social media?
930,Can we control our actions in a dream?
931,How did you managed long distance relationship?
932,What are the chances that I could just ask a rich person for a million dollars and actually have them give it to me?
933,What happened to Hong Kong movies and TV drama? Why did they decline so much?
934,Did Trump win the election?
935,What are the best wallpaper apps for iPhones?
936,"How do I deactivate the app ""App Lock""?"
937,In what format should I send book for printing?
938,Why does the caste system still exist in India?
939,How do I get a boyfriend for age 13?
940,What is rank at 550 marks in NEET 2016?
941,Is the dynamic/flexi-pricing harsh on middle class people?
942,Can I overdraft my Wells Fargo account?
943,What are some new marketing techniques for language schools?
944,How much do olympic gold medalists earn?
945,What are the easy ways to earn money online?
946,What is reactance in a capacitor?
947,Is it true that the cost of living in SV and the Bay Area is so high that new grads making 150k+ have a hard time finding affordable housing?
948,What's the best school in the world?
949,Why is Saltwater taffy candy imported in Australia?
950,What is value of 0?
951,Which are the best part-time jobs to do in Bangalore?
952,How do I become an attractive girl?
953,What are some of the best music albums ever?
954,"Realistically speaking, what would happen to the USA if Donald Trump wins Presidency in the 2016 elections?"
955,What are symptoms of autism in kids?
956,What's it like to be a non-smoking mother of smoking children?
957,What is life without dreams?
958,"How comfortably can I live in Washington DC on a $80,000 salary?"
959,How do you find out if a girl has a boyfriend?
960,What are health benefits of red lentils?
961,What are some math related working models for class 10th?
962,How could I gain weight in a healthy way?
963,What kind of animal did this?
964,How does Anil Ambani benefit from Rafel fighter jet deal?
965,Is YouTube Red's offline feature as good as downloading the video itself?
966,How do I know if my spouse is my soulmate?
967,How do I get to be a people person?
968,How does a long distance relationship work?
969,HOw do I speak Fluent English?
970,"Considering your position as Secretary of State gave you insight into the US's drone program, what will you do to reform the targeting process?"
971,What exactly is MIKE2.0 (in layman's terms)?
972,Why don't buffalo and the like evolve to band together against lions and cheetahs instead of run away?
973,Where can I find a hacker for good cause?
974,How can I change my snapdeal account's mobile number?
975,What are some tips on making it through the job interview process at S & T Bank?
976,"What are the main imports and exports of Venezuela, and how does Venezuela's industry compare to Cuba's?"
977,How did Lucifer and Gabrielle relate to each other?
978,What are some good movies to watch?
979,How do I install Cydia without jailbreak on iOS 9.3.5.?
980,What can I do to get a job at Microsoft?
981,Why is 'fahrenheit 451'  perceived as dystopia?
982,What is your review of Love in Thoughts (2004 movie)?
983,Is it physically possible to travel back in time?
984,Why am I only awkward with some people but not others?
985,How do I recover deleted messages in Facebook?
986,How is the compensation system in Uber?
987,Is it feasible for Flipkart to offer an EMI on debit cards? What are the different factors involved?
988,How do I define tasks vs milestones vs deliverables in an agile scrum methodology?
989,Life can be boring. What to do?
990,Where can I buy meldonium in Canada?
991,What would be a cool way to commit suicide?
992,"I accidentally took my blood pressure medicine twice, will I be ok?"
993,Do you have any paranormal experience?
994,Which 2G Band (900/1800Mhz) was sold during 2G spectrum scam?
995,I am a straight A student but have no motivation or will whatsoever to go to school. Can someone help me fight this?
996,Which is the best shares to purchase and sale daily trading?
997,I and my girlfriends private partstouched each other.can she become pregenant?
998,Could we use cherenkov atmosphere radiation (with gamma rays or similar) to image the surface of a planet from here with ground based telescopes?
